Match_ID,Season,Match_Date,Team1,Team2,Toss_Winner,Toss_Decision,Team1_Runs,Team1_Wickets,Team2_Runs,Team2_Wickets,Winner,Player_of_Match,Top_Run_Scorer,Top_Wicket_Taker,Result,Total_Runs,Run_Difference,Winning_Team_Runs,Toss_Match_Win
1,2024-IPL,2024-03-22,Banglore,Chennai,Banglore,Bat,173,6,176,4,Chennai,Mustafizur Rahman,Anuj Rawat,Mustafizur Rahman,Completed,349,3,176,0
2,2024-IPL,2024-03-23,Delhi,Punjab,Punjab,Field,174,9,177,6,Punjab,Sam Curran,Sam Curran,Kuldeep Yadav,Completed,351,3,177,1
3,2024-IPL,2024-03-23,Kolkata,Hyderabad,Hyderabad,Field,208,7,204,7,Kolkata,Andre Russell,Andre Russell,T Natarajan,Completed,412,4,208,0
4,2024-IPL,2024-03-24,Rajasthan,Lucknow,Rajasthan,Bat,193,4,173,6,Rajasthan,Sanju Samson,Sanju Samson,Trent Boult,Completed,366,20,193,1
5,2024-IPL,2024-03-24,Gujarat,Mumbai,Mumbai,Field,168,6,162,9,Gujarat,Sai Sudharsan,Dewald Brevis,Jasprit Bumrah,Completed,330,6,168,0
6,2024-IPL,2024-03-25,Punjab,Banglore,Banglore,Field,176,6,178,6,Banglore,Virat Kohli,Virat Kohli,Harpreet Brar,Completed,354,2,178,1
7,2024-IPL,2024-03-26,Chennai,Gujarat,Gujarat,Field,206,6,143,8,Chennai,Shivam Dube,Shivam Dube,Tushar Deshpande,Completed,349,63,206,0
8,2024-IPL,2024-03-27,Hyderabad,Mumbai,Mumbai,Field,277,3,246,5,Hyderabad,Abhishek Sharma,Heinrich Klaasen,Pat Cummins,Completed,523,31,277,0
9,2024-IPL,2024-03-28,Rajasthan,Delhi,Delhi,Field,185,5,173,5,Rajasthan,Riyan Parag,Riyan Parag,Yuzvendra Chahal,Completed,358,12,185,0
10,2024-IPL,2024-03-29,Banglore,Kolkata,Kolkata,Field,182,6,186,3,Kolkata,Sunil Narine,Virat Kohli,Andre Russell,Completed,368,4,186,1
11,2024-IPL,2024-03-30,Lucknow,Punjab,Lucknow,Bat,199,8,178,5,Lucknow,Mayank Yadav,Shikhar Dhawan,Mayank Yadav,Completed,377,21,199,1
12,2024-IPL,2024-03-31,Hyderabad,Gujarat,Hyderabad,Bat,162,8,168,3,Gujarat,Mohit Sharma,Sai Sudharsan,Mohit Sharma,Completed,330,6,168,0
13,2024-IPL,2024-03-31,Delhi,Chennai,Delhi,Bat,191,5,171,6,Delhi,Khaleel Ahmed,Jos Buttler,Mukesh Kumar,Completed,362,20,191,1
14,2024-IPL,2024-04-01,Mumbai,Rajasthan,Rajasthan,Field,125,9,127,4,Rajasthan,Trent Boult,Riyan Parag,Yuzvendra Chahal,Completed,252,2,127,1
15,2024-IPL,2024-04-02,Lucknow,Banglore,Banglore,Field,181,5,153,10,Lucknow,Mayank Yadav,Quinton de Kock,Mayank Yadav,Completed,334,28,181,0
16,2024-IPL,2024-04-03,Kolkata,Delhi,Kolkata,Bat,272,7,166,10,Kolkata,Sunil Narine,Sunil Narine,Vaibhav Arora,Completed,438,106,272,1
17,2024-IPL,2024-04-04,Gujarat,Punjab,Punjab,Field,199,4,200,7,Punjab,Shashank Singh,Shubman Gill,Noor Ahmad,Completed,399,1,200,1
18,2024-IPL,2024-04-05,Chennai,Hyderabad,Hyderabad,Field,165,5,166,4,Hyderabad,Abhishek Sharma,Aiden Markram,Moeen Ali,Completed,331,1,166,1
19,2024-IPL,2024-04-06,Banglore,Rajasthan,Rajasthan,Field,183,3,189,4,Rajasthan,Jos Buttler,Virat Kohli,Reece Topley,Completed,372,6,189,1
20,2024-IPL,2024-04-07,Mumbai,Delhi,Delhi,Field,234,5,205,8,Mumbai,Romario Shepherd,Tristan Stubbs,Gerald Coetzee,Completed,439,29,234,0
21,2024-IPL,2024-04-07,Lucknow,Gujarat,Lucknow,Bat,163,5,130,10,Lucknow,Yash Thakur,Marcus Stoinis,Yash Thakur,Completed,293,33,163,1
22,2024-IPL,2024-04-08,Kolkata,Chennai,Chennai,Field,137,9,141,3,Chennai,Ravindra Jadeja,Ruturaj Gaikwad,Ravindra Jadeja,Completed,278,4,141,1
23,2024-IPL,2024-04-09,Hyderabad,Punjab,Punjab,Field,182,9,180,6,Hyderabad,Nitish Kumar Reddy,Nitish Kumar Reddy,Arshdeep Singh,Completed,362,2,182,0
24,2024-IPL,2024-04-10,Rajasthan,Gujarat,Gujarat,Field,196,3,199,7,Gujarat,Rashid Khan,Riyan Parag,Kuldeep Sen,Completed,395,3,199,1
25,2024-IPL,2024-04-11,Banglore,Mumbai,Mumbai,Field,196,8,199,3,Mumbai,Jasprit Bumrah,Ishan Kishan,Jasprit Bumrah,Completed,395,3,199,1
26,2024-IPL,2024-04-12,Lucknow,Delhi,Lucknow,Bat,167,7,170,4,Delhi,Kuldeep Yadav,Ayush Badoni,Kuldeep Yadav,Completed,337,3,170,0
27,2024-IPL,2024-04-13,Punjab,Rajasthan,Rajasthan,Field,147,8,152,7,Rajasthan,Shimron Hetmyer,Yashasvi Jaiswal,Kagiso Rabada,Completed,299,5,152,1
28,2024-IPL,2024-04-14,Lucknow,Kolkata,Kolkata,Field,161,7,162,2,Kolkata,Phil Salt,Phil Salt,Mitchell Starc,Completed,323,1,162,1
29,2024-IPL,2024-04-14,Chennai,Mumbai,Mumbai,Field,206,4,186,6,Chennai,Matheesha Pathirana,Rohit Sharma,Matheesha Pathirana,Completed,392,20,206,0
30,2024-IPL,2024-04-15,Hyderabad,Banglore,Banglore,Field,187,3,262,7,Hyderabad,Travis Head,Travis Head,Pat Cummins,Completed,449,75,262,0
31,2024-IPL,2024-04-16,Kolkata,Rajasthan,Rajasthan,Field,223,6,224,8,Rajasthan,Jos Buttler,Sunil Narine,Sunil Narine,Completed,447,1,224,1
32,2024-IPL,2024-04-17,Gujarat,Delhi,Delhi,Field,89,10,92,4,Delhi,Rishabh Pant,Rashid Khan,Mukesh Kumar,Completed,181,3,92,1
33,2024-IPL,2024-04-18,Mumbai,Punjab,Punjab,Field,192,7,183,10,Mumbai,Jasprit Bumrah,Suryakumar Yadav,Jasprit Bumrah,Completed,375,9,192,0
34,2024-IPL,2024-04-19,Chennai,Lucknow,Lucknow,Field,176,6,180,2,Lucknow,KL Rahul,KL Rahul,Krunal Pandya,Completed,356,4,180,1
35,2024-IPL,2024-04-20,Hyderabad,Delhi,Delhi,Field,266,7,199,10,Hyderabad,Travis Head,Travis Head,T Natarajan,Completed,465,67,266,0
36,2024-IPL,2024-04-21,Kolkata,Banglore,Banglore,Field,222,6,221,10,Kolkata,Andre Russell,Will Jacks,Andre Russell,Completed,443,1,222,0
37,2024-IPL,2024-04-21,Punjab,Gujarat,Punjab,Bat,142,10,146,7,Gujarat,Sai Kishore,Rahul Tewatia,Sai Kishore,Completed,288,4,146,0
38,2024-IPL,2024-04-22,Mumbai,Rajasthan,Mumbai,Bat,179,9,183,1,Rajasthan,Sandeep Sharma,Yashasvi Jaiswal,Sandeep Sharma,Completed,362,4,183,0
39,2024-IPL,2024-04-23,Chennai,Lucknow,Lucknow,Field,210,4,213,4,Lucknow,Marcus Stoinis,Marcus Stoinis,Matheesha Pathirana,Completed,423,3,213,1
40,2024-IPL,2024-04-24,Delhi,Gujarat,Gujarat,Field,224,4,220,8,Delhi,Rishabh Pant,Rishabh Pant,Sandeep Warrier,Completed,444,4,224,0
41,2024-IPL,2024-04-25,Banglore,Hyderabad,Banglore,Bat,206,7,171,8,Banglore,Rajat Patidar,Virat Kohli,Jaydev Unadkat,Completed,377,35,206,1
42,2024-IPL,2024-04-26,Kolkata,Punjab,Punjab,Field,261,6,262,2,Punjab,Jonny Bairstow,Jonny Bairstow,Arshdeep Singh,Completed,523,1,262,1
43,2024-IPL,2024-04-27,Delhi,Mumbai,Mumbai,Field,257,4,247,9,Delhi,Jake Fraser-McGurk,Jake Fraser-McGurk,Rasikh Salam,Completed,504,10,257,0
44,2024-IPL,2024-04-27,Lucknow,Rajasthan,Rajasthan,Field,196,5,199,3,Rajasthan,Sanju Samson,KL Rahul,Sandeep Sharma,Completed,395,3,199,1
45,2024-IPL,2024-04-28,Gujarat,Banglore,Banglore,Field,200,3,206,1,Banglore,Will Jacks,Will Jacks,Swapnil Singh,Completed,406,6,206,1
46,2024-IPL,2024-04-28,Chennai,Hyderabad,Hyderabad,Field,212,3,134,10,Chennai,Ruturaj Gaikwad,Ruturaj Gaikwad,Tushar Deshpande,Completed,346,78,212,0
47,2024-IPL,2024-04-29,Delhi,Kolkata,Delhi,Bat,153,9,157,3,Kolkata,Varun Chakravarthy,Phil Salt,Varun Chakravarthy,Completed,310,4,157,0
48,2024-IPL,2024-04-30,Mumbai,Lucknow,Lucknow,Field,144,7,145,6,Lucknow,Marcus Stoinis,Marcus Stoinis,Hardik Pandya,Completed,289,1,145,1
49,2024-IPL,2024-05-01,Chennai,Punjab,Punjab,Field,162,7,163,3,Punjab,Harpreet Brar,Ruturaj Gaikwad,Rahul Chahar,Completed,325,1,163,1
50,2024-IPL,2024-05-02,Hyderabad,Rajasthan,Hyderabad,Bat,201,3,200,7,Hyderabad,Bhuvneshwar Kumar,Riyan Parag,Bhuvneshwar Kumar,Completed,401,1,201,1
51,2024-IPL,2024-05-03,Kolkata,Mumbai,Mumbai,Field,169,10,145,10,Kolkata,Venkatesh Iyer,Venkatesh Iyer,Mitchell Starc,Completed,314,24,169,0
52,2024-IPL,2024-05-04,Gujarat,Banglore,Banglore,Field,147,10,152,6,Banglore,Mohammed Siraj,Faf du Plessis,Josh Little,Completed,299,5,152,1
53,2024-IPL,2024-05-05,Chennai,Punjab,Punjab,Field,167,9,139,9,Chennai,Ravindra Jadeja,Ravindra Jadeja,Ravindra Jadeja,Completed,306,28,167,0
54,2024-IPL,2024-05-05,Kolkata,Lucknow,Lucknow,Field,235,6,137,10,Kolkata,Sunil Narine,Sunil Narine,Harshit Rana,Completed,372,98,235,0
55,2024-IPL,2024-05-06,Hyderabad,Mumbai,Mumbai,Field,173,8,174,3,Mumbai,Suryakumar Yadav,Suryakumar Yadav,Hardik Pandya,Completed,347,1,174,1
56,2024-IPL,2024-05-07,Delhi,Rajasthan,Rajasthan,Field,221,8,201,8,Delhi,Kuldeep Yadav,Sanju Samson,Ravichandran Ashwin,Completed,422,20,221,0
57,2024-IPL,2024-05-08,Lucknow,Hyderabad,Lucknow,Bat,165,4,167,0,Hyderabad,Travis Head,Travis Head,Bhuvneshwar Kumar,Completed,332,2,167,0
58,2024-IPL,2024-05-09,Banglore,Punjab,Punjab,Field,241,7,181,10,Banglore,Virat Kohli,Virat Kohli,Harshal Patel,Completed,422,60,241,0
59,2024-IPL,2024-05-10,Gujarat,Chennai,Chennai,Field,231,3,196,8,Gujarat,Shubman Gill,Shubman Gill,Mohit Sharma,Completed,427,35,231,0
60,2024-IPL,2024-05-11,Kolkata,Mumbai,Mumbai,Field,157,7,139,8,Kolkata,Varun Chakravarthy,Venkatesh Iyer,Varun Chakravarthy,Completed,296,18,157,0
61,2024-IPL,2024-05-12,Rajasthan,Chennai,Rajasthan,Bat,141,5,145,5,Chennai,Simarjeet Singh,Riyan Parag,Simarjeet Singh,Completed,286,4,145,0
62,2024-IPL,2024-05-12,Banglore,Delhi,Delhi,Field,187,9,140,10,Banglore,Cameron Green,Axar Patel,Yash Dayal,Completed,327,47,187,0
63,2024-IPL,2024-05-13,Gujarat,Kolkata,No Toss,,0,0,0,0,Abandoned,,,,Abandoned,0,0,0,0
64,2024-IPL,2024-05-14,Delhi,Lucknow,Lucknow,Field,208,4,189,9,Delhi,Ishant Sharma,Nicholas Pooran,Ishant Sharma,Completed,397,19,208,0
65,2024-IPL,2024-05-15,Rajasthan,Punjab,Rajasthan,Bat,144,9,145,5,Punjab,Sam Curran,Sam Curran,Rahul Chahar,Completed,289,1,145,0
66,2024-IPL,2024-05-16,Hyderabad,Gujarat,No Toss,,0,0,0,0,Abandoned,,,,Abandoned,0,0,0,0
67,2024-IPL,2024-05-17,Lucknow,Mumbai,Mumbai,Field,214,6,196,6,Lucknow,Nicholas Pooran,Nicholas Pooran,Nuwan Thushara,Completed,410,18,214,0
68,2024-IPL,2024-05-18,Banglore,Chennai,Chennai,Field,218,5,191,7,Banglore,Faf du Plessis,Rachin Ravindra,Yash Dayal,Completed,409,27,218,0
69,2024-IPL,2024-05-19,Punjab,Hyderabad,Punjab,Bat,214,5,215,6,Hyderabad,Abhishek Sharma,Prabhsimran Singh,T Natarajan,Completed,429,1,215,0
70,2024-IPL,2024-05-19,Rajasthan,Kolkata,Kolkata,,0,0,0,0,Abandoned,,,,Abandoned,0,0,0,0
71,2024-IPL,2024-05-21,Hyderabad,Kolkata,Hyderabad,Bat,159,10,164,2,Kolkata,Mitchell Starc,Shreyas Iyer,Mitchell Starc,Completed,323,5,164,0
72,2024-IPL,2024-05-22,Banglore,Rajasthan,Rajasthan,Field,172,8,174,6,Rajasthan,Ravichandran Ashwin,Yashasvi Jaiswal,Avesh Khan,Completed,346,2,174,1
73,2024-IPL,2024-05-24,Hyderabad,Rajasthan,Rajasthan,Field,175,9,139,7,Hyderabad,Shahbaz Ahmed,Dhruv Jurel,Shahbaz Ahmed,Completed,314,36,175,0
74,2024-IPL,2024-05-26,Hyderabad,Kolkata,Hyderabad,Bat,113,10,114,2,Kolkata,Mitchell Starc,Venkatesh Iyer,Andre Russell,Completed,227,1,114,0
